Category,Value
0 - 4 years,102
5 - 17 years,130
18+ years,58
Pending,19
age_total,309
Ages 0 - 4,0.3300970873786408
Ages 5 - 17 years,0.42071197411003236
Ages 18+,0.18770226537216828
Age unknown,0.061488673139158574
type,Age
