0 - 4 years,5 - 17 years,18+ years,Pending,total,%_0 - 4 years,%_5 - 17 years,%_18+ years,%_Pending
88,120,52,19,279,0.3154121863799283,0.43010752688172044,0.1863799283154122,0.06810035842293907
