,0 - 4 years,5 - 17 years,18+ years,Pending,age_total,Ages 0 - 4,Ages 5 - 17 years,Ages 18+,Age unknown,type
0,105,140,63,19,327,0.3211009174311927,0.42813455657492355,0.1926605504587156,0.0581039755351682,Age
