,0 - 4 years,5 - 17 years,18+ years,Pending,age_total,Ages 0 - 4,Ages 5 - 17 years,Ages 18+,Age unknown,type
0,88,120,52,19,279,0.3154121863799283,0.43010752688172044,0.1863799283154122,0.06810035842293907,Age
